wolof, 18-, 7, i, s38, cc1
pular - fuuta jalon, 66-, 67, i, s38, cc10
pulaar - fouta toro, 46-, 47, i, s38
seereer, 217-, 213, s10
wolof, 18-, 7, i, s38, cc1
wolof, 18-, 7, i, s38, cc1
pular - fuuta jalon, 66-, 67, i, s38, cc10
pulaar - fouta toro, 46-, 47, i, s38
seereer, 217-, 213, s10
wolof, 18-, 7, i, s38, cc1
wolof, 18-, 7, i, s38, cc1 (10); pular - fuuta jalon, 66-, 67, i, s38, cc10 (10); pulaar - fouta toro, 46-, 47, i, s38(10); seereer, 217-, 213, s10 (10)
Tn5
wolof, 18-, 7, i, s38, cc1 (10); pular - fuuta jalon, 66-, 67, i, s38, cc10 (10); pulaar - fouta toro, 46-, 47, i, s38(10); seereer, 217-, 213, s10 (10)
kuloonaay, 118&119&114, 112, s10
kuloonaay, 118&119&114, 112, s10
T!1
kuloonaay, 112, s10
kuloonaay, 112, s10
wolof, 18-, 7, i, s38, cc1 (2)
kuloonaay, 121--
kuloonaay, 112--, s10
kuloonaay, 112--, s10
kuloonaay, 112--, s10
kuloonaay, 112--, s10
kuloonaay, 112--, s10
kuloonaay, 118&119&114, 112--, s10
kuloonaay, 112--, 118&119&114
kuloonaay, 112--, 118&119&114, s5
wolof, i, s30, 20-cc, 11&12&13-cc-,  2--, l1
pular - fuuta jalon, i, s32, 66&64&65-cc, 60--
wolof, i, 14&15, s32, 2-- (9)
bandial, i, 83, s30, 80--, 82 (9)
bandial, i, 83, s30, 80--, 82 (9)
bandial, i, 83, s30, 80--, 82 (9)
bandial, i, s33, 80--, 83, 82-cc, l2
bandial, i, s35, 80--, 83, 82-cc, l3 (9)
bandial, i, s35, 80--, 83, 82-cc, l3 (9)
bandial, i, s35, 80--, 83, 82-cc, l3 (9)
bandial, i, s35, 80--, 83, 82-cc, l3 (9)
bandial, i, s35, 80--, 83, 82-cc, l3 (9)
bandial, i, s35, 80--, 83, 82-cc, l3 (9)
bandial, i, s35, 80--, 83, 82-cc, l3 (9)
wolof, iiiii, s25, 15fff-cc-, 18f-cc-
wolof, iiiii, s25, 15fff-cc-, 18f-cc- (9)
wolof, iii, s38, 15-cc-, 18ffff-cc-, l2 (9)
wolof contemporain, iiii, 42fff-&43fff-&44fff-&45fff-&46fff-&47fff-&48fff-&49fff-, s25 (9)
wolof contemporain, iiii, 42fff-&43fff-&44fff-&45fff-&46fff-&47fff-&48fff-&49fff-, s25 (9)
wolof contemporain, iiii, 42fff-&43fff-&44fff-&45fff-&46fff-&47fff-&48fff-&49fff-, s25 (9)
wolof contemporain, iiii, 42fff-&43fff-&44fff-&45fff-&46fff-&47fff-&48fff-&49fff-, s25 (9)
wolof contemporain, iiii, 42fff-&43fff-&44fff-&45fff-&46fff-&47fff-&48fff-&49fff-, s25 (9)
wolof contemporain, iii, 42fff-&43fff-&44fff-&45fff-&46fff-&47fff-&48fff-&49fff-, s38 (9)
wolof contemporain, i, 42-&43-&44-&45-&46-&47-&48-&49-, s32 (9)
G:\Shared drives\SEB - LPD - Media libraries\1 Etiquettes\Fogny\Fuc Rut Yon BBM UA.jpg (9)
G:\Shared drives\SEB - LPD - Media libraries\1 Etiquettes\Fogny\Fuc Rut Yon BBM UA.jpg (9)
G:\Shared drives\SEB - LPD - Media libraries\1 Etiquettes\Fogny\Fuc Rut Yon BBM UA.jpg (9)
G:\Shared drives\SEB - LPD - Media libraries\1 Etiquettes\Fogny\Fuc Rut Yon BBM UA.jpg (12)
G:\Shared drives\SEB - LPD - Media libraries\1 Etiquettes\Fogny\Fuc Rut Yon BBM UA.jpg (12)
G:\Shared drives\SEB - LPD - Media libraries\1 Etiquettes\Fogny\Fuc Rut Yon BBM UA.jpg (12)
G:\Shared drives\SEB - LPD - Media libraries\1 Etiquettes\Fogny\Fuc Rut Yon BBM UA.jpg (12)
QUEUED (9x): G:\Shared drives\SEB - LPD - Media libraries\1 Etiquettes\Fogny\Fuc Rut Yon BBM UA.jpg
QUEUED (12x): G:\Shared drives\SEB - LPD - Media libraries\1 Etiquettes\Fogny\Fuc Rut Yon BBM UA.jpg
QUEUED (12x): G:\Shared drives\SEB - LPD - Media libraries\1 Etiquettes\Fogny\Fuc Rut Yon BBM UA.jpg
QUEUED (12x): G:\Shared drives\SEB - LPD - Media libraries\1 Etiquettes\Fogny\Fuc Rut Yon BBM UA.jpg
QUEUED (9x): wolof contemporain, iiii, 42fff-&43fff-&44fff-&45fff-&46fff-&47fff-&48fff-&49fff-, s28
QUEUED (9x): wolof contemporain, iiii, 42fff-&43fff-&44fff-&45fff-&46fff-&47fff-&48fff-&49fff-, s28
QUEUED (4x): wolof contemporain, iiii, 42fff-&43fff-&44fff-&45fff-&46fff-&47fff-&48fff-&49fff-, s28, cc2
QUEUED (5x): G:\Shared drives\SEB - LPD - Media libraries\1 Etiquettes\Fogny\Fuc Rut Yon BBM UA.jpg
QUEUED (4x): wolof contemporain, iiii, 42fff-&43fff-&44fff-&45fff-&46fff-&47fff-&48fff-&49fff-, s28, cc2
QUEUED (5x): G:\Shared drives\SEB - LPD - Media libraries\1 Etiquettes\Fogny\Fuc Rut Yon BBM UA.jpg
QUEUED (5x): G:\Shared drives\SEB - LPD - Media libraries\1 Etiquettes\Fogny\Fuc Rut Yon BBM UA.jpg
QUEUED (7x): wolof contemporain, i, 42fff-&43fff-&44fff-&45fff-&46fff-&47fff-&48fff-&49fff-, s28, cc2
QUEUED (3x): wolof, 20
QUEUED (9x): karone, ii, 26, s33
QUEUED (9x): wolfo, 21, ii
